-*- text -*-

  Following people contributed to SKK (Alphabetical order).  If you
find someone has been missed, or their e-mail addresses have been
changed, please let me know.
                                        Mikio Nakajima/中島幹夫 <minakaji@osaka.email.ne.jp>

Contributors:
  小関 吉則 <kose@wizard.tamra.co.jp>
  小野 孝男 <takao@hirata.nuee.nagoya-u.ac.jp>
  進藤裕志 <shindo@super.ees.saitama-u.ac.jp>
  中津山 恒 <hisashi@rst.fujixerox.co.jp>
  沈志勇 <jshen@cas.org>
  柘植 正大 <ma-tsuge@kdd.co.jp>
  Chikanobu Toyofuku <unbound@papaya.juice.or.jp>
  FUKANO Masaaki <fukano-m@alp.cs.uec.ac.jp>
  Fukaya Shigeru <SFUKAYA@oracle.co.jp>
  FURUE Hideyuki <furue@kke.co.jp>
  GUNJI Takao <gunji@lisa.lang.osaka-u.ac.jp>
  Haru Mizuno <mizu@cs3.cs.oki.co.jp>
  Haru'yasu Ueda <hal@sics.se>
  Hideki Sakurada <sakurada@kuis.kyoto-u.ac.jp>
  Hisao Kuroda <kuroda@msi.co.jp>
  Hitoshi SUZUKI <h-suzuki@ael.fujitsu.co.jp>
  IIDA Yosiaki <iida@secom-sis.co.jp>
  Jun-ichi Nakamura <nakamura@pluto.ai.kyutech.ac.jp>
  Katuya Tomioka <tomioka@culle.l.chiba-u.ac.jp>
  Kazuo Hirokawa <hirokawa@rics.co.jp>
  Kazushi Marukawa <kazushi@kubota.co.jp>
  Keisuke Nishida <kxn30@po.cwru.edu>
  Kenji Rikitake <kenji@reseau.toyonaka.osaka.jp>
  Kenji Yamashita <kenji@cs.titech.ac.jp>
  Kimura Chikahiro <kimura@oa1.kb.nec.co.jp>
  Kiyotaka Sakai <ksakai@netwk.ntt-at.co.jp>
  Koichi MORI <kmori@onsei2.rilp.m.u-tokyo.ac.jp>
  Koji Uchida <uchida@cfd.tytlabs.co.jp>
  Makoto MATSUSHITA <matusita@ics.es.osaka-u.ac.jp>
  Manabu Kawashima <kaw@lp.nm.fujitsu.co.jp>
  Masahiko Sato <masahiko@kuis.kyoto-u.ac.jp>
  Masahiko Suzuki <suzmasa@sm.sony.co.jp>
  Masahiro Doteguchi <xdote@rp.open.cs.fujitsu.co.jp>
  Masakazu Takahashi <masaka-t@ascii.co.jp>
  Masatake YAMATO <jet@airlab.cs.ritsumei.ac.jp>
  Mikio Nakajima <minakaji@osaka.email.ne.jp>
  MINOURA Itsushi <minoura@uni.zool.s.u-tokyo.ac.jp>
  MIYOSHI Tsutomu <minkov@fuzzy.or.jp>
  Motohiko Mouri <mouri@jaist.ac.jp>
  Murata Shuuichirou  <mrt@astec.co.jp>
  NAMBA Seiich <pi9s-nnb@asahi-net.or.jp>
  Naoki HAMADA <nao@mimo.jaist-east.ac.jp>
  Naoki Wakamatsu <naoki-w@ht-net21.ne.jp>
  NEMOTO Takashi <tnemoto@mvi.biglobe.ne.jp>
  NISHIDA Keisuke <knishida@nn.iij4u.or.jp>
  Rei FURUKAWA <furukawa@tcp-ip.or.jp>
  Ryoichi Hashimoto <gnu@ipri.go.jp>
  Satoshi Harauchi
  Sekita Daigo <sekita@mri.co.jp>
  Shuhei KOBAYASHI <shuhei-k@jaist.ac.jp>
  Shuji Ashizawa <ashizawa@zuken.co.jp>
  SL Baur <steve@altair.xemacs.org>
  sphere <sphere@pop12.odn.ne.jp>
  Stephen Turnbull  <turnbull@sk.tsukuba.ac.jp>
  Takao KAWAMURA <kawamura@ike.tottori-u.ac.jp>
  Takeshi OHTANI <ohtani@iias.flab.fujitsu.co.jp>
  Thierry Emery <Thierry.Emery@nmu.alcatel.fr>
  TOKUYA Junichi <tokuya@crab.fuji-ric.co.jp>
  Tomotaka SUWA <cooper@saitama.fujimic.fujisankei-g.co.jp>
  Tomoyuki Hiro <hiro@momo.it.okayama-u.ac.jp>
  Toyonobu Yoshida <toyono-y@is.aist-nara.ac.jp>
  Tsugutomo Enami <enami@ptgd.sony.co.jp>
  Tsukamoto Tetsuo  <czkmt@remus.dti.ne.jp>
  Tsuyoshi AKIHO <akiho@sci.osaka-cu.ac.jp>
  TSUMURA Tomoaki <tsumura@kuis.kyoto-u.ac.jp>
  Wataru Matsui <matsui@atr-rd.atr.co.jp>
  Wataru Matsui <matsui@gf.hm.rd.sanyo.co.jp>
  Yoshida Toyonobu <toyono-y@is.aist-nara.ac.jp>
  Yukiyoshi Kameyama <kameyama@kuis.kyoto-u.ac.jp>  
  Yuh Ohmura <yutopia@t3.rim.or.jp>

;; end of contributors.
